id,name,features,news,account.id,account.number,account.agency,account.balance,account.limit,card.id,card.number,card.limit
1,Henrique,discount,,8721,52272-1,0005,7772.08,2000,1,**** **** **** 1362,15000
2,Ximena,"discount, vip",,1593,30212-3,0005,10510.45,20000,2,**** **** **** 0838,3000
3,Amanda,travel,,6674,32797-7,0002,1565.32,15000,3,**** **** **** 4242,15000
4,Yasmin,,cashback_event,4717,20566-7,0002,16838.81,1000,4,**** **** **** 8342,3000
5,Tiago,"insurance, travel",,1420,54270-3,0003,6516.66,10000,5,**** **** **** 7438,3000
6,Melissa,"insurance, rewards, crypto",cashback_event,2005,55536-7,0004,41075.62,3000,6,**** **** **** 0908,10000
7,Elisa,cashback,,1912,84731-6,0003,25490.12,15000,7,**** **** **** 3903,3000
8,Francisco,,"promo_jan, new_feature",9035,97639-1,0004,49266.06,1000,8,**** **** **** 8464,15000
9,Felipe,"vip, rewards, crypto","new_feature, limit_increase",6196,37645-8,0004,34331.49,2000,9,**** **** **** 2335,15000
10,Yago,"crypto, lounge, discount",,9123,42765-5,0001,33800.13,10000,10,**** **** **** 8882,2000
11,Leonardo,rewards,,4187,63814-9,0005,8797.37,5000,11,**** **** **** 2504,10000
12,Paula,"lounge, travel, vip","cashback_event, new_feature",2949,12015-5,0003,30983.25,5000,12,**** **** **** 2039,5000
13,Katia,"cashback, insurance, rewards",update_app,7508,71463-6,0004,4539.14,1000,13,**** **** **** 7120,2000
14,Olivia,"discount, insurance",promo_jan,8507,83783-5,0002,5701.04,3000,14,**** **** **** 9751,2000
15,Beatriz,"rewards, crypto, travel",,4731,57876-0,0002,36825.2,15000,15,**** **** **** 5028,10000
16,Zeca,"cashback, rewards",,8467,28742-0,0001,15651.44,5000,16,**** **** **** 6023,15000
17,Vinicius,"insurance, cashback",,4300,69271-4,0004,5088.13,20000,17,**** **** **** 4417,5000
18,Vinicius,"cashback, lounge, discount",update_app,1112,43416-5,0002,46378.44,5000,18,**** **** **** 2122,10000
19,Kevin,,,6817,26639-0,0002,38169.06,10000,19,**** **** **** 6295,10000
20,Claudia,cashback,"cashback_event, update_app",7087,80655-7,0002,28265.54,10000,20,**** **** **** 5208,2000
21,Beatriz,,"maintenance, promo_jan",9780,33663-3,0002,13185.75,2000,21,**** **** **** 8699,1000
22,Leandro,"travel, lounge, insurance",limit_increase,5797,13208-9,0003,8926.84,10000,22,**** **** **** 5000,2000
23,Zenon,"lounge, discount","cashback_event, new_feature",3276,13776-1,0004,22192.83,2000,23,**** **** **** 5374,15000
24,Yolanda,,,3364,54270-7,0004,1732.86,3000,24,**** **** **** 2314,15000
25,Hugo,,"promo_jan, limit_increase",7586,88138-6,0004,32003.59,10000,25,**** **** **** 3872,1000
26,Pip,"insurance, rewards","maintenance, promo_jan",3790,10162-6,0004,9051.84,20000,26,**** **** **** 2798,5000
27,Simone,"rewards, crypto, insurance",new_feature,4540,33850-1,0004,15472.73,2000,27,**** **** **** 4986,10000
28,Queila,"crypto, cashback, insurance","promo_jan, new_feature",2589,69502-7,0004,27090.97,3000,28,**** **** **** 9640,10000
29,Eduardo,"rewards, crypto",,7927,50151-0,0003,13813.08,10000,29,**** **** **** 7005,5000
30,Fabio,"discount, cashback","update_app, cashback_event",5898,66313-8,0003,6603.86,2000,30,**** **** **** 1307,1000
31,Alice,,,2030,86382-5,0002,28139.01,10000,31,**** **** **** 8019,3000
32,Rafael,"vip, cashback",new_feature,5233,61827-8,0001,19041.59,15000,32,**** **** **** 0811,1000
33,Yasmin,vip,promo_jan,1968,77211-6,0004,38117.07,2000,33,**** **** **** 6424,1000
34,Tadeu,,new_feature,6004,77904-6,0005,42524.82,15000,34,**** **** **** 4588,1000
35,Nathan,"lounge, travel, vip","cashback_event, limit_increase",5701,42565-1,0001,41234.26,5000,35,**** **** **** 9268,3000
36,Uriel,"rewards, crypto, cashback",update_app,9057,84527-0,0003,45367.52,500,36,**** **** **** 2525,1000
37,Wendy,,,4047,86562-4,0004,16874.86,1000,37,**** **** **** 6952,10000
38,Rodrigo,,maintenance,4334,57183-1,0001,19656.67,3000,38,**** **** **** 5495,5000
39,Wesley,cashback,new_feature,4973,13351-4,0005,37812.32,10000,39,**** **** **** 7861,10000
40,Elena,,new_feature,6754,14156-8,0002,12420.45,15000,40,**** **** **** 5695,10000
41,Amanda,,,5842,62736-6,0004,1465.92,2000,41,**** **** **** 7113,3000
42,Tadeu,"lounge, cashback, rewards",,3467,83332-3,0005,38595.92,15000,42,**** **** **** 9094,1000
43,Carlos,,,7042,80253-2,0004,31286.92,20000,43,**** **** **** 7641,15000
44,Claudia,crypto,,9300,87158-0,0003,41275.93,5000,44,**** **** **** 3307,10000
45,Uriel,,"cashback_event, update_app",9370,17528-9,0005,34575.63,10000,45,**** **** **** 5904,5000
46,Camila,,cashback_event,9653,62208-9,0001,36161.66,1000,46,**** **** **** 4834,3000
47,Xenia,travel,"maintenance, update_app",7594,67919-5,0002,37187.44,20000,47,**** **** **** 4742,5000
48,Quezia,"vip, cashback, crypto","maintenance, promo_jan",6904,12527-8,0002,22775.11,500,48,**** **** **** 3709,3000
49,Pedro,"lounge, insurance","cashback_event, maintenance",1643,82111-3,0003,20823.21,1000,49,**** **** **** 1464,1000
50,Hector,"insurance, travel, crypto",update_app,8827,64169-5,0003,16210.94,5000,50,**** **** **** 0950,10000
51,Uriel,rewards,"limit_increase, cashback_event",1581,68445-6,0002,33740.53,2000,51,**** **** **** 2439,15000
52,Henrique,cashback,maintenance,5181,95299-3,0004,11823.34,500,52,**** **** **** 9773,2000
53,Zenon,"vip, travel, crypto","update_app, cashback_event",6975,28119-2,0002,43978.47,500,53,**** **** **** 8718,5000
54,Uriel,"travel, cashback",,2229,23904-4,0001,21436.64,5000,54,**** **** **** 6266,3000
55,Daniela,"travel, insurance",,9591,21194-0,0002,43164.59,3000,55,**** **** **** 9598,10000
56,Francisco,"lounge, crypto",cashback_event,1235,15478-9,0002,20618.27,5000,56,**** **** **** 4901,3000
57,Ximena,"discount, cashback","promo_jan, cashback_event",9204,82111-3,0002,43137.08,10000,57,**** **** **** 9659,5000
58,Karen,cashback,,5589,70771-0,0005,29987.96,20000,58,**** **** **** 8200,5000
59,Pip,,,7700,40832-3,0003,10165.2,3000,59,**** **** **** 7666,15000
60,Adriana,"insurance, vip",,5805,47759-4,0004,42136.23,15000,60,**** **** **** 8104,3000
61,Karen,,maintenance,8692,35445-6,0004,41089.25,2000,61,**** **** **** 9660,1000
62,Roberto,"insurance, discount, rewards",promo_jan,1912,60436-9,0001,10551.3,3000,62,**** **** **** 4312,2000
63,Zenon,"discount, vip, rewards",cashback_event,2134,98114-5,0004,29032.79,3000,63,**** **** **** 4083,2000
64,Erica,"discount, vip",cashback_event,6111,52641-1,0001,16733.17,3000,64,**** **** **** 5193,10000
65,Roberto,insurance,"promo_jan, maintenance",8004,77606-7,0003,21466.32,10000,65,**** **** **** 4961,1000
66,Beatriz,cashback,"new_feature, limit_increase",7487,77681-9,0001,15654.04,1000,66,**** **** **** 3682,10000
67,Xander,"lounge, insurance, vip",,3400,83645-8,0001,24672.66,500,67,**** **** **** 4750,15000
68,Beatriz,"cashback, travel, vip",,7835,45112-1,0003,1879.53,2000,68,**** **** **** 0900,3000
69,Carlos,"vip, crypto",promo_jan,2691,24167-1,0004,48243.56,15000,69,**** **** **** 0461,3000
70,Igor,lounge,"cashback_event, limit_increase",8804,85769-9,0001,32418.91,3000,70,**** **** **** 8050,2000
71,Zelia,"cashback, insurance",,9516,25393-4,0001,41218.45,10000,71,**** **** **** 5773,10000
72,Eduardo,cashback,new_feature,2089,49037-5,0002,43869.79,500,72,**** **** **** 5569,10000
73,Marcos,,maintenance,9324,28622-7,0005,5344.74,5000,73,**** **** **** 8290,2000
74,Laura,,update_app,1587,45537-3,0004,29317.7,20000,74,**** **** **** 1308,2000
75,Vanessa,"crypto, insurance","maintenance, new_feature",1203,50808-4,0004,9210.35,10000,75,**** **** **** 7543,1000
76,Rafael,insurance,,3938,19397-5,0001,1859.54,10000,76,**** **** **** 7719,3000
77,Carlos,,,9224,41654-8,0005,33048.04,3000,77,**** **** **** 1998,2000
78,Giovana,,,7914,80671-1,0003,30618.16,10000,78,**** **** **** 5601,15000
79,Diego,,"cashback_event, maintenance",5906,74982-6,0005,2885.19,10000,79,**** **** **** 7378,5000
80,Eduardo,"rewards, cashback",promo_jan,6299,53269-6,0002,19437.96,20000,80,**** **** **** 5703,2000
81,Laura,,,3183,74986-1,0002,13543.47,20000,81,**** **** **** 2602,15000
82,Olivia,,,5029,40683-8,0005,19724.98,1000,82,**** **** **** 7826,5000
83,Tiago,"crypto, lounge","limit_increase, new_feature",4124,90891-7,0001,9283.9,500,83,**** **** **** 7221,1000
84,Tiago,"cashback, travel, discount",,9534,73579-1,0004,8716.55,500,84,**** **** **** 9981,10000
85,Giovana,"crypto, lounge, rewards",maintenance,3215,40364-0,0004,10325.6,10000,85,**** **** **** 2862,2000
86,Marcos,,maintenance,6895,36138-0,0004,15467.06,10000,86,**** **** **** 3416,2000
87,Wesley,,cashback_event,3795,79401-3,0003,48239.14,15000,87,**** **** **** 3885,1000
88,Yago,"lounge, rewards, discount",cashback_event,8994,11212-2,0001,4321.89,10000,88,**** **** **** 4036,15000
89,Vinicius,discount,"limit_increase, cashback_event",7931,57499-2,0005,46692.04,2000,89,**** **** **** 4115,15000
90,Giovana,"insurance, rewards, lounge","update_app, limit_increase",2648,28164-9,0005,23676.0,15000,90,**** **** **** 1265,15000
91,Thiago,,promo_jan,7855,86723-1,0005,12772.25,3000,91,**** **** **** 2638,1000
92,Amanda,"vip, cashback, lounge","cashback_event, new_feature",9176,12064-7,0002,46517.33,10000,92,**** **** **** 6627,15000
93,Thiago,insurance,new_feature,9317,83330-4,0003,48843.87,10000,93,**** **** **** 6621,5000
94,Hector,"lounge, cashback",update_app,5111,48040-3,0001,218.65,1000,94,**** **** **** 1415,3000
95,Odalys,"travel, vip",,4108,17893-3,0002,325.35,20000,95,**** **** **** 5149,5000
96,Diego,,"cashback_event, limit_increase",4806,21507-9,0003,5310.92,5000,96,**** **** **** 3744,15000
97,Adriana,"insurance, crypto",new_feature,4561,81486-5,0005,27994.05,10000,97,**** **** **** 0117,2000
98,Jonas,"crypto, lounge, insurance",maintenance,5177,12779-5,0001,35592.41,500,98,**** **** **** 3216,15000
99,Ursula,,update_app,3538,65625-9,0004,24894.32,15000,99,**** **** **** 2834,1000
100,Alice,"insurance, vip, lounge","update_app, limit_increase",3942,95470-6,0003,33261.33,2000,100,**** **** **** 9252,5000
101,Xenia,,"new_feature, limit_increase",8687,55308-7,0005,47858.6,20000,101,**** **** **** 0092,1000
102,Andre,"travel, discount",new_feature,7263,38044-8,0005,1.8,3000,102,**** **** **** 9637,1000
103,Leonardo,"crypto, rewards, lounge","update_app, new_feature",6279,80802-5,0002,35338.45,15000,103,**** **** **** 6302,1000
104,Leonardo,"crypto, cashback, insurance",,4348,44563-1,0001,27059.65,3000,104,**** **** **** 6813,2000
105,Nathan,,"limit_increase, new_feature",1691,89774-2,0003,44069.1,500,105,**** **** **** 9060,5000
106,Ingrid,travel,cashback_event,7912,47999-1,0004,5542.3,3000,106,**** **** **** 7829,15000
107,Fernanda,"lounge, travel, rewards",update_app,8460,67558-3,0003,46957.05,500,107,**** **** **** 2210,10000
108,Irene,"insurance, travel, crypto","update_app, cashback_event",9462,68432-1,0005,25742.89,15000,108,**** **** **** 6131,10000
109,Yago,"discount, travel",,8365,95005-0,0005,24004.35,2000,109,**** **** **** 3202,2000
110,Pip,"travel, vip",,6823,39891-3,0001,40215.71,3000,110,**** **** **** 4387,10000
111,Igor,"crypto, insurance",,3821,15518-2,0005,12075.35,3000,111,**** **** **** 3718,10000
112,Andre,discount,"cashback_event, new_feature",1459,65073-5,0005,30493.78,15000,112,**** **** **** 9687,10000
113,Bruno,,"update_app, cashback_event",1329,85995-1,0002,9106.74,2000,113,**** **** **** 5511,3000
114,Xander,,"cashback_event, promo_jan",4025,70003-5,0004,43654.96,15000,114,**** **** **** 8607,3000
115,Diana,"crypto, rewards",maintenance,4744,89576-3,0005,12617.96,5000,115,**** **** **** 4419,15000
116,Xenia,"travel, rewards",promo_jan,9405,86345-6,0003,30652.1,500,116,**** **** **** 9792,1000
117,Oscar,"lounge, cashback, vip","update_app, promo_jan",8019,10598-9,0002,41766.5,5000,117,**** **** **** 6971,5000
118,Rafael,"rewards, cashback, crypto",,1487,88603-0,0001,8039.03,1000,118,**** **** **** 5172,1000
119,Isabela,,,3871,81760-8,0002,2883.54,20000,119,**** **** **** 7528,3000
120,Felipe,travel,,3525,66641-4,0003,42530.28,20000,120,**** **** **** 5415,5000
121,Rodrigo,"discount, insurance, travel",,1016,70514-8,0001,36089.84,500,121,**** **** **** 8054,2000
122,Quezia,,,9484,36529-6,0004,11999.49,3000,122,**** **** **** 0668,1000
123,Bruno,"vip, insurance",,4230,10770-9,0004,4947.83,20000,123,**** **** **** 2814,15000
124,Felipe,"crypto, rewards",cashback_event,1930,67577-8,0002,37194.25,2000,124,**** **** **** 0369,2000
125,Pedro,"travel, lounge",update_app,1246,43529-7,0003,1086.21,2000,125,**** **** **** 2493,1000
126,Marcos,lounge,limit_increase,1054,38868-9,0003,47081.78,5000,126,**** **** **** 1681,10000
127,Elena,"crypto, lounge","limit_increase, update_app",4882,23381-6,0004,31558.39,3000,127,**** **** **** 4169,10000
128,Daniela,cashback,cashback_event,1849,82559-8,0004,34962.68,1000,128,**** **** **** 4512,15000
129,Paulo,"cashback, lounge, discount",new_feature,6043,28380-0,0002,26914.59,10000,129,**** **** **** 9727,2000
130,Vinicius,"lounge, vip",update_app,4954,55358-3,0004,6736.05,1000,130,**** **** **** 6498,5000
131,Ingrid,"discount, insurance, cashback",,2792,75556-1,0002,34314.44,3000,131,**** **** **** 2410,15000
132,Laura,,"new_feature, promo_jan",8177,95751-3,0004,46988.16,15000,132,**** **** **** 5974,10000
133,Irene,insurance,"limit_increase, new_feature",6034,70619-5,0005,25664.33,500,133,**** **** **** 0252,2000
134,Diana,"insurance, lounge, discount",,5742,36286-4,0004,24837.3,5000,134,**** **** **** 1065,3000
135,Ximena,,,9870,44353-9,0004,28471.21,3000,135,**** **** **** 3047,15000
136,Yago,insurance,"new_feature, promo_jan",4597,33072-6,0003,44199.87,15000,136,**** **** **** 8088,15000
137,Igor,,,8669,14149-3,0003,47332.26,20000,137,**** **** **** 5467,3000
138,Isabela,travel,,2897,86382-6,0005,28265.93,5000,138,**** **** **** 6924,15000
139,Felipe,,cashback_event,7226,56337-8,0001,28018.86,10000,139,**** **** **** 9832,2000
140,Lucas,"vip, rewards, cashback",,5634,74381-6,0005,46072.65,15000,140,**** **** **** 1328,5000
141,Oscar,,"cashback_event, update_app",2060,78301-2,0003,43876.84,20000,141,**** **** **** 6635,1000
142,Elisa,"vip, insurance","limit_increase, update_app",3707,71949-6,0005,47972.88,5000,142,**** **** **** 6239,5000
143,Davi,"crypto, lounge",maintenance,8165,76451-6,0002,13595.78,1000,143,**** **** **** 8106,3000
144,Xander,,"promo_jan, cashback_event",8154,19781-6,0005,32627.99,20000,144,**** **** **** 0725,3000
145,Jonas,"travel, discount, insurance","new_feature, cashback_event",9904,81519-4,0004,32275.93,500,145,**** **** **** 1342,10000
146,Graciela,rewards,"maintenance, new_feature",7931,81206-8,0005,33129.29,500,146,**** **** **** 9593,3000
147,Hugo,,,3376,98368-8,0001,40131.08,10000,147,**** **** **** 4220,15000
148,Renata,travel,,9158,61557-0,0003,47658.32,15000,148,**** **** **** 0864,10000
149,Leonardo,rewards,,7776,73757-5,0005,44365.36,5000,149,**** **** **** 0340,2000
150,Joao,insurance,promo_jan,2886,31551-2,0002,48497.78,3000,150,**** **** **** 0177,10000
151,Laura,"rewards, vip",cashback_event,6454,27188-1,0004,4829.31,500,151,**** **** **** 0496,2000
152,Sergio,,new_feature,1528,78112-8,0004,19773.57,10000,152,**** **** **** 1624,1000
153,Joao,,"update_app, promo_jan",8738,76367-7,0004,31253.4,2000,153,**** **** **** 9234,15000
154,Nathan,"cashback, lounge","limit_increase, cashback_event",2261,78982-1,0003,42933.83,3000,154,**** **** **** 4532,1000
155,Joao,"discount, vip","cashback_event, promo_jan",6773,37521-9,0004,10212.24,1000,155,**** **** **** 4518,1000
156,Tadeu,"discount, insurance",,9661,44580-8,0005,25259.86,20000,156,**** **** **** 3681,1000
157,Kevin,,maintenance,9898,54891-6,0005,4833.67,20000,157,**** **** **** 9160,3000
158,Igor,"insurance, vip, rewards",new_feature,8792,39560-3,0002,18163.91,3000,158,**** **** **** 9303,5000
159,Hugo,,promo_jan,5189,37119-4,0002,26291.97,10000,159,**** **** **** 9816,1000
160,Adriana,travel,"cashback_event, update_app",3404,54173-7,0005,47849.0,3000,160,**** **** **** 3223,2000
161,Nicolas,cashback,promo_jan,5341,27030-8,0005,3575.83,15000,161,**** **** **** 0663,3000
162,Xander,vip,maintenance,8652,15328-0,0003,23353.83,3000,162,**** **** **** 2975,1000
163,Roberto,"vip, travel",,6568,52470-4,0005,25690.46,5000,163,**** **** **** 2954,2000
164,Sergio,"cashback, crypto",new_feature,8732,37033-1,0004,43646.71,3000,164,**** **** **** 1976,5000
165,Viviane,,,5195,95051-7,0004,37667.03,1000,165,**** **** **** 4394,5000
166,Vanessa,"cashback, vip, rewards",,7971,98235-6,0002,43926.45,500,166,**** **** **** 6574,1000
167,Caio,,"new_feature, limit_increase",1550,81694-6,0002,23656.26,2000,167,**** **** **** 8950,10000
168,Uriel,"crypto, travel",limit_increase,2345,11675-3,0002,30059.59,2000,168,**** **** **** 6347,5000
169,Davi,"insurance, travel, cashback","promo_jan, new_feature",5741,69664-7,0003,28392.5,3000,169,**** **** **** 8882,3000
170,Viviane,"discount, lounge",new_feature,4873,19860-8,0005,1535.86,2000,170,**** **** **** 2928,15000
171,Yago,"travel, cashback",,6754,52491-0,0002,24837.07,10000,171,**** **** **** 6951,10000
172,Oscar,"lounge, cashback, insurance","promo_jan, cashback_event",3910,27350-1,0004,20889.7,5000,172,**** **** **** 4247,5000
173,Uma,insurance,update_app,5340,57381-9,0004,10687.77,10000,173,**** **** **** 7992,15000
174,Claudia,,,5928,37796-8,0001,47635.49,15000,174,**** **** **** 5660,5000
175,Isabela,"insurance, travel",promo_jan,6339,84304-5,0001,9657.08,3000,175,**** **** **** 3010,15000
176,Nelson,"crypto, vip, travel","new_feature, update_app",8298,94298-1,0004,14508.62,20000,176,**** **** **** 6318,15000
177,Isabela,,"limit_increase, new_feature",2196,18655-9,0003,2864.34,5000,177,**** **** **** 5288,2000
178,Roberto,cashback,"maintenance, cashback_event",5002,56940-9,0001,30442.81,15000,178,**** **** **** 8696,3000
179,Gabriel,"crypto, cashback",cashback_event,4124,93336-1,0002,3449.67,5000,179,**** **** **** 8941,3000
180,Rodrigo,,"limit_increase, promo_jan",7330,24673-0,0004,47887.06,500,180,**** **** **** 9015,10000
181,Hugo,lounge,"cashback_event, promo_jan",5821,71981-4,0004,36647.37,20000,181,**** **** **** 6296,2000
182,Karen,,"new_feature, promo_jan",5537,85397-9,0001,16166.17,15000,182,**** **** **** 4326,3000
183,Rodrigo,crypto,cashback_event,8729,35657-5,0002,5262.34,10000,183,**** **** **** 1857,3000
184,Queila,vip,new_feature,6085,96147-9,0001,33400.85,20000,184,**** **** **** 4107,5000
185,Jonas,lounge,"maintenance, promo_jan",9714,14304-5,0001,44752.19,15000,185,**** **** **** 8324,15000
186,Joao,,,8023,18049-2,0005,48519.56,10000,186,**** **** **** 3040,5000
187,Ingrid,,cashback_event,1839,57007-3,0003,21372.53,500,187,**** **** **** 3888,1000
188,Tadeu,"discount, lounge","new_feature, cashback_event",3170,31215-6,0002,36767.97,500,188,**** **** **** 4810,10000
189,Ximena,"cashback, insurance",new_feature,8060,47451-6,0004,12568.8,2000,189,**** **** **** 4696,1000
190,Patricia,"cashback, rewards",new_feature,8984,33714-1,0005,36662.11,1000,190,**** **** **** 3690,3000
191,Felipe,"travel, discount, crypto","promo_jan, new_feature",1047,56365-2,0001,39133.14,20000,191,**** **** **** 8280,1000
192,Elisa,"travel, rewards",new_feature,6181,15823-3,0004,9280.55,1000,192,**** **** **** 1681,15000
193,Elisa,"discount, travel",cashback_event,8307,59370-3,0003,41697.58,20000,193,**** **** **** 4215,1000
194,Ulisses,cashback,,5581,13971-7,0004,42702.41,1000,194,**** **** **** 6896,5000
195,Sofia,,,5900,22605-8,0004,43582.48,500,195,**** **** **** 1473,1000
196,Mariana,"crypto, lounge","update_app, maintenance",9177,23046-0,0003,25922.99,5000,196,**** **** **** 2115,10000
197,Leandro,"travel, vip, rewards",,5508,63393-7,0001,19304.13,15000,197,**** **** **** 6010,15000
198,Roberto,"lounge, rewards","update_app, new_feature",7117,69316-0,0002,8451.53,2000,198,**** **** **** 4827,5000
199,Fabio,"discount, cashback, insurance","new_feature, cashback_event",7455,51406-2,0001,19506.6,10000,199,**** **** **** 4470,2000
200,Victor,"lounge, crypto",,9608,70355-6,0001,35457.99,10000,200,**** **** **** 8182,3000
201,Uma,"rewards, vip",cashback_event,4062,79281-9,0005,49188.97,15000,201,**** **** **** 6599,3000
202,Erica,"travel, crypto, lounge","maintenance, promo_jan",7563,66664-5,0005,39619.71,5000,202,**** **** **** 6022,3000
203,Camila,"lounge, crypto",,1862,21880-6,0001,18535.59,500,203,**** **** **** 1233,3000
204,Fabio,,,9577,92990-1,0003,11229.18,10000,204,**** **** **** 8537,3000
205,Odalys,,maintenance,3328,38904-9,0005,21810.11,500,205,**** **** **** 2309,2000
206,Pedro,"cashback, lounge, vip",cashback_event,3046,39359-0,0001,8226.51,1000,206,**** **** **** 8603,15000
207,Claudia,,,2200,21586-2,0003,12471.93,10000,207,**** **** **** 9524,2000
208,Pip,,"promo_jan, cashback_event",6787,24418-8,0004,15530.04,3000,208,**** **** **** 1841,1000
209,Carlos,travel,,6118,18336-8,0003,43987.79,1000,209,**** **** **** 2663,5000
210,Alice,"rewards, crypto, travel",,4203,75002-1,0001,16705.05,5000,210,**** **** **** 9543,3000
211,Camila,cashback,"promo_jan, limit_increase",2360,42083-1,0002,32205.67,20000,211,**** **** **** 0452,2000
212,Eduardo,vip,promo_jan,6706,24981-0,0003,1038.32,15000,212,**** **** **** 0932,3000
213,Thiago,"rewards, discount",limit_increase,8367,62942-9,0005,18762.81,15000,213,**** **** **** 9674,10000
214,Fernanda,"lounge, crypto",,2726,98047-2,0003,27458.53,2000,214,**** **** **** 5411,3000
215,Ulisses,"discount, travel, vip","new_feature, maintenance",8174,47442-5,0005,28555.09,10000,215,**** **** **** 5268,10000
216,Ingrid,"lounge, crypto, cashback","update_app, new_feature",8760,38036-4,0004,40116.57,500,216,**** **** **** 6109,15000
217,Lucas,"cashback, vip, travel","new_feature, promo_jan",5043,60831-9,0005,2441.26,10000,217,**** **** **** 5816,1000
218,Sofia,,promo_jan,2095,22123-8,0001,42888.42,20000,218,**** **** **** 6110,3000
219,Rafael,lounge,"cashback_event, update_app",1721,23849-3,0001,4346.34,500,219,**** **** **** 1471,2000
220,Adriana,"lounge, discount, vip","update_app, cashback_event",8504,92795-2,0004,5569.44,15000,220,**** **** **** 9058,15000
221,Hector,"travel, cashback, vip",maintenance,3266,37538-9,0004,37891.13,20000,221,**** **** **** 5537,15000
222,Thiago,discount,,8055,52932-7,0004,31116.26,1000,222,**** **** **** 4520,15000
223,Tadeu,vip,cashback_event,4195,71123-7,0005,38303.3,3000,223,**** **** **** 9388,15000
224,Ximena,,,8696,72576-2,0001,4032.54,1000,224,**** **** **** 7235,3000
225,Renata,,,6202,49378-7,0003,34442.91,500,225,**** **** **** 7915,1000
226,Pedro,vip,"maintenance, promo_jan",5451,75798-4,0003,14697.04,15000,226,**** **** **** 8855,3000
227,Renata,"travel, rewards","update_app, promo_jan",9143,22269-5,0005,14566.43,1000,227,**** **** **** 4368,2000
228,Isabela,"crypto, travel, insurance",,1817,52213-5,0002,17188.07,500,228,**** **** **** 3911,3000
229,Nathan,"vip, rewards",limit_increase,4687,54535-4,0004,3264.43,2000,229,**** **** **** 7895,3000
230,Bruno,crypto,"update_app, limit_increase",5255,42313-3,0003,29294.27,15000,230,**** **** **** 9367,3000
231,Alice,crypto,"promo_jan, limit_increase",1535,16675-3,0003,47045.62,15000,231,**** **** **** 5170,5000
232,Helena,"rewards, cashback, lounge","new_feature, promo_jan",8809,24851-7,0005,10061.35,3000,232,**** **** **** 8817,2000
233,Nathan,lounge,limit_increase,9206,76410-3,0004,26360.2,3000,233,**** **** **** 5216,10000
234,Nelson,,"maintenance, limit_increase",5947,99446-2,0001,1719.95,3000,234,**** **** **** 8289,10000
235,Ximena,rewards,,6098,83776-0,0005,43485.83,3000,235,**** **** **** 0818,2000
236,Bruno,insurance,,5183,53470-6,0004,31465.23,20000,236,**** **** **** 7062,15000
237,Olivia,"lounge, vip, travel","new_feature, limit_increase",8715,95875-9,0001,49642.53,10000,237,**** **** **** 6037,15000
238,Erica,,"maintenance, promo_jan",4220,32910-2,0002,30715.14,10000,238,**** **** **** 7808,5000
239,Tiago,"cashback, crypto, rewards",,6207,50163-3,0004,12994.73,3000,239,**** **** **** 2074,2000
240,Daniela,"rewards, vip, cashback",,7638,15438-5,0005,15985.52,1000,240,**** **** **** 0646,15000
241,Sergio,,,9814,40121-1,0003,36859.15,15000,241,**** **** **** 2815,2000
242,Pip,"lounge, cashback","limit_increase, promo_jan",6167,81855-8,0002,47734.25,1000,242,**** **** **** 4636,2000
243,Jonas,insurance,,3337,70275-0,0003,4100.02,500,243,**** **** **** 6241,1000
244,Bob,"crypto, discount",,4697,33381-5,0005,47331.57,2000,244,**** **** **** 0642,3000
245,Paulo,rewards,,7198,11174-9,0005,30858.85,5000,245,**** **** **** 5179,10000
246,Yolanda,lounge,,8431,85069-9,0003,27392.59,3000,246,**** **** **** 2019,5000
247,Nicolas,travel,maintenance,9490,57848-8,0005,1369.08,5000,247,**** **** **** 8802,10000
248,Wesley,"travel, crypto",limit_increase,9759,74409-1,0003,45647.74,10000,248,**** **** **** 5057,5000
249,Oscar,"lounge, insurance, discount","update_app, limit_increase",9924,83491-6,0005,11480.91,10000,249,**** **** **** 6090,10000
250,Quezia,discount,,4298,96294-7,0001,24233.03,5000,250,**** **** **** 0525,15000
251,Nina,travel,promo_jan,3644,42361-5,0003,20073.76,20000,251,**** **** **** 3721,1000
252,Zeca,"cashback, vip",,6400,96232-5,0005,21935.3,20000,252,**** **** **** 5024,15000
253,Renata,"crypto, travel, discount","maintenance, update_app",3375,31583-8,0003,38966.68,500,253,**** **** **** 6720,10000
254,Elisa,"travel, crypto, cashback",new_feature,3381,55152-0,0005,23088.49,20000,254,**** **** **** 9136,10000
255,Ursula,"travel, lounge, insurance","new_feature, update_app",1530,44326-9,0004,23847.79,5000,255,**** **** **** 5062,5000
256,Ingrid,"lounge, crypto, rewards",new_feature,4694,76324-4,0004,42186.23,2000,256,**** **** **** 5805,10000
257,Pip,"crypto, travel",promo_jan,6914,26575-4,0003,49071.69,10000,257,**** **** **** 7099,2000
258,Quezia,,,7173,62736-7,0004,29519.41,3000,258,**** **** **** 2295,1000
259,Monica,,maintenance,9148,91741-0,0002,31323.74,1000,259,**** **** **** 3639,2000
260,Odalys,rewards,"promo_jan, update_app",7817,78238-1,0004,7294.92,3000,260,**** **** **** 2116,15000
261,Ursula,,"promo_jan, new_feature",5789,58245-6,0003,27910.23,3000,261,**** **** **** 6337,10000
262,Nelson,"crypto, discount, travel",,2360,34181-0,0002,25222.83,15000,262,**** **** **** 9774,1000
263,Patricia,,,3964,62125-4,0005,21976.84,1000,263,**** **** **** 3649,2000
264,Renata,"discount, travel, rewards",limit_increase,4150,39261-3,0002,16436.27,1000,264,**** **** **** 3589,5000
265,Leonardo,,new_feature,5253,71451-6,0004,24377.39,2000,265,**** **** **** 5137,2000
266,Gabriel,rewards,"cashback_event, promo_jan",9792,13276-8,0004,29383.33,500,266,**** **** **** 1769,15000
267,Amanda,"cashback, lounge",,1790,87431-3,0004,19133.72,15000,267,**** **** **** 1791,5000
268,Tiago,"vip, lounge",,4667,42872-0,0001,40355.4,20000,268,**** **** **** 0467,2000
269,Nicolas,"lounge, vip, insurance",limit_increase,6383,84356-5,0002,19080.45,500,269,**** **** **** 7683,5000
270,Fabio,insurance,promo_jan,9002,13757-5,0004,19864.22,15000,270,**** **** **** 3491,10000
271,Jonas,"rewards, vip, discount","promo_jan, new_feature",1019,10857-0,0002,17128.95,20000,271,**** **** **** 5735,3000
272,Ingrid,"discount, vip","promo_jan, limit_increase",4916,60795-2,0004,32232.35,2000,272,**** **** **** 6386,15000
273,Hugo,,,6067,85206-7,0004,44777.48,5000,273,**** **** **** 0755,5000
274,Hector,"vip, crypto, cashback",,5609,48089-5,0005,29278.66,5000,274,**** **** **** 1197,5000
275,Caio,"discount, lounge",,6464,34846-3,0002,45649.99,15000,275,**** **** **** 2619,5000
276,Ulisses,,"limit_increase, promo_jan",4276,11353-0,0004,39058.93,20000,276,**** **** **** 1619,15000
277,Odalys,"rewards, crypto, discount",,3913,72039-2,0003,29163.38,15000,277,**** **** **** 1174,5000
278,Claudia,"vip, rewards",,9518,21801-0,0001,778.45,3000,278,**** **** **** 9341,2000
279,Isabela,crypto,limit_increase,2404,72273-6,0001,17355.8,10000,279,**** **** **** 3743,5000
280,Fabio,insurance,update_app,2117,54529-5,0004,49503.15,15000,280,**** **** **** 3994,1000
281,Sabrina,travel,,7632,14508-5,0005,28150.22,5000,281,**** **** **** 9245,10000
282,Patricia,"vip, insurance, rewards",update_app,8127,68690-2,0001,28236.63,20000,282,**** **** **** 0359,1000
283,Giovana,,promo_jan,1967,62470-3,0001,43603.23,3000,283,**** **** **** 6847,15000
284,Olivia,,,6477,89730-7,0002,29750.77,3000,284,**** **** **** 9152,2000
285,Monica,"insurance, crypto",limit_increase,6515,23259-6,0002,45080.43,3000,285,**** **** **** 9029,1000
286,Kevin,rewards,,5329,26033-3,0005,7831.75,3000,286,**** **** **** 4837,15000
287,Uriel,"crypto, travel, vip","limit_increase, maintenance",8774,10398-4,0002,20942.13,1000,287,**** **** **** 7713,1000
288,Diego,"vip, discount, cashback","promo_jan, new_feature",8601,44233-3,0004,27656.9,10000,288,**** **** **** 2790,3000
289,Felipe,"vip, lounge","cashback_event, update_app",8825,71169-3,0002,12833.42,3000,289,**** **** **** 2344,5000
290,Julia,"cashback, rewards, crypto",,4678,52835-9,0003,21055.04,1000,290,**** **** **** 6738,10000
291,Nathan,discount,,9298,27319-6,0001,18915.6,5000,291,**** **** **** 8468,10000
292,Elisa,,"new_feature, update_app",3920,77519-3,0005,31981.97,10000,292,**** **** **** 2569,15000
293,Bob,"rewards, cashback, lounge","limit_increase, maintenance",5426,86825-0,0002,10738.97,500,293,**** **** **** 3209,15000
294,Nelson,cashback,"update_app, maintenance",1980,18748-8,0005,8099.49,3000,294,**** **** **** 3249,3000
295,Graciela,crypto,,5263,74034-0,0002,17893.14,500,295,**** **** **** 2818,5000
296,Nathan,"travel, discount, insurance",limit_increase,6029,13151-7,0004,40664.04,10000,296,**** **** **** 1552,2000
297,Helena,"insurance, travel","new_feature, maintenance",6509,81553-9,0002,1787.15,20000,297,**** **** **** 4628,3000
298,Yolanda,"lounge, travel, crypto",new_feature,4226,13738-5,0002,32788.48,3000,298,**** **** **** 7294,15000
299,Karen,"lounge, vip, discount","new_feature, limit_increase",2700,18704-2,0001,49964.47,20000,299,**** **** **** 5185,5000
300,Wagner,"crypto, rewards","limit_increase, cashback_event",3002,75482-8,0002,37459.66,5000,300,**** **** **** 7804,2000
301,Uma,rewards,"maintenance, update_app",6649,35566-9,0002,34146.23,500,301,**** **** **** 7099,15000
302,Joao,vip,"cashback_event, limit_increase",6216,61893-7,0005,21871.14,3000,302,**** **** **** 4544,1000
303,Uriel,"crypto, cashback","maintenance, update_app",2408,26494-3,0004,28556.56,15000,303,**** **** **** 6206,15000
304,Sabrina,rewards,,8727,60271-2,0001,20940.68,1000,304,**** **** **** 4388,2000
305,Wagner,rewards,"new_feature, maintenance",8665,65227-6,0001,31949.95,10000,305,**** **** **** 6392,1000
306,Elena,"crypto, insurance",promo_jan,9518,76899-7,0004,13053.25,500,306,**** **** **** 6182,5000
307,Zeca,"cashback, vip",,9590,67789-5,0001,14122.83,3000,307,**** **** **** 4237,15000
308,Vinicius,rewards,,1512,25018-8,0002,19677.52,10000,308,**** **** **** 1032,15000
309,Patricia,,,9971,53616-0,0003,20651.73,20000,309,**** **** **** 8184,1000
310,Roberto,"discount, cashback","update_app, new_feature",4003,97721-4,0005,32567.45,500,310,**** **** **** 1180,15000
311,Zeca,"rewards, travel, lounge",maintenance,8202,57848-7,0004,16428.26,2000,311,**** **** **** 5337,2000
312,Erica,,,7605,16258-2,0001,37495.04,500,312,**** **** **** 5195,5000
313,Melissa,cashback,"cashback_event, maintenance",2830,95098-9,0003,44270.87,15000,313,**** **** **** 7914,5000
314,Camila,crypto,,2599,90989-9,0002,14246.35,2000,314,**** **** **** 9392,15000
315,Isabela,"crypto, insurance",,3902,88047-9,0004,14000.99,10000,315,**** **** **** 1879,5000
316,Pip,"lounge, cashback, discount",cashback_event,4944,71688-4,0002,45171.62,3000,316,**** **** **** 1189,5000
317,Nathan,"lounge, travel","new_feature, cashback_event",6757,25225-3,0002,31637.61,2000,317,**** **** **** 1034,15000
318,Nina,,,1124,62320-5,0002,13254.97,10000,318,**** **** **** 7870,3000
319,Irene,"crypto, rewards","promo_jan, new_feature",8094,29223-7,0001,23983.77,20000,319,**** **** **** 9592,3000
320,Irene,"lounge, rewards",,3259,77851-1,0002,47108.71,20000,320,**** **** **** 6123,5000
321,Bob,"vip, insurance",,6908,87087-3,0003,44445.65,1000,321,**** **** **** 8703,2000
322,Lucas,crypto,,7206,92581-5,0001,34808.05,5000,322,**** **** **** 2027,5000
323,Leonardo,,promo_jan,8075,16058-5,0003,47282.99,2000,323,**** **** **** 4178,2000
324,Caio,"rewards, insurance, lounge",maintenance,1660,76728-0,0002,41313.29,10000,324,**** **** **** 0298,15000
325,Elisa,,"cashback_event, new_feature",3116,23101-2,0004,1290.33,20000,325,**** **** **** 0897,5000
326,Igor,"vip, discount","new_feature, update_app",7288,20234-6,0002,17313.93,1000,326,**** **** **** 5206,3000
327,Bob,,,6848,71049-3,0004,584.17,500,327,**** **** **** 7707,1000
328,Uriel,"cashback, discount",cashback_event,6001,79077-4,0005,18985.41,2000,328,**** **** **** 9273,1000
329,Oscar,"vip, rewards","promo_jan, cashback_event",6708,27110-2,0005,18672.65,5000,329,**** **** **** 5456,3000
330,Rafael,"insurance, travel, crypto","new_feature, limit_increase",5234,39687-7,0003,23066.08,10000,330,**** **** **** 0618,10000
331,Isabela,vip,,5483,33134-3,0003,11979.04,500,331,**** **** **** 7471,2000
332,Ursula,crypto,limit_increase,8626,41026-9,0001,13419.53,3000,332,**** **** **** 4393,1000
333,Elena,travel,maintenance,8182,31656-1,0002,4351.97,3000,333,**** **** **** 6707,2000
334,Sergio,"discount, crypto",update_app,9729,69799-5,0003,12014.56,5000,334,**** **** **** 4787,5000
335,Marcos,"lounge, travel","new_feature, maintenance",4234,82803-5,0005,20425.4,20000,335,**** **** **** 4929,5000
336,Henrique,,,5956,91909-7,0001,5119.98,15000,336,**** **** **** 8802,15000
337,Viviane,,"limit_increase, maintenance",3725,25178-3,0005,3856.01,3000,337,**** **** **** 8957,5000
338,Wendy,,"new_feature, limit_increase",2001,87614-0,0004,415.4,3000,338,**** **** **** 3753,5000
339,Zenon,"crypto, insurance",new_feature,8434,27949-2,0003,10895.6,3000,339,**** **** **** 6088,3000
340,Rodrigo,"discount, cashback, travel",,3593,26055-0,0003,30134.71,10000,340,**** **** **** 8589,3000
341,Tadeu,"cashback, vip, crypto",maintenance,1981,50941-7,0002,22982.2,5000,341,**** **** **** 8506,3000
342,Rodrigo,,update_app,7381,89622-1,0001,41243.88,10000,342,**** **** **** 0893,2000
343,Bruno,"lounge, discount",,8187,36857-1,0005,34837.38,500,343,**** **** **** 8432,3000
344,Katia,insurance,"cashback_event, limit_increase",8327,59970-9,0004,15218.28,10000,344,**** **** **** 6456,15000
345,Xander,"travel, rewards, vip","promo_jan, limit_increase",4151,46799-2,0002,36594.62,20000,345,**** **** **** 8182,10000
346,Yolanda,"cashback, travel",promo_jan,6868,28764-3,0002,16129.17,15000,346,**** **** **** 5173,2000
347,Patricia,"vip, crypto, discount",,2037,16412-7,0004,28786.99,3000,347,**** **** **** 7779,3000
348,Lucas,cashback,promo_jan,3158,79572-0,0002,497.96,3000,348,**** **** **** 0650,10000
349,Quintino,"travel, crypto, vip",promo_jan,4118,70241-9,0001,47409.54,1000,349,**** **** **** 7019,5000
350,Uma,"crypto, discount","maintenance, promo_jan",1838,70474-3,0003,26406.2,1000,350,**** **** **** 7539,5000
351,Bernardo,"crypto, travel, lounge","cashback_event, promo_jan",3796,69296-5,0003,33105.6,1000,351,**** **** **** 2364,5000
352,Pip,,"new_feature, update_app",9576,81503-8,0003,40016.17,5000,352,**** **** **** 3505,1000
353,Caio,"vip, lounge",,1701,82587-3,0005,21579.79,15000,353,**** **** **** 8068,2000
354,Olivia,"travel, crypto, insurance",,6124,18008-6,0002,19543.39,15000,354,**** **** **** 6444,15000
355,Isabela,"vip, cashback","promo_jan, cashback_event",7018,16613-3,0002,11876.95,5000,355,**** **** **** 2291,2000
356,Yolanda,,,9660,72920-8,0005,13500.48,10000,356,**** **** **** 2227,2000
357,Vanessa,"insurance, travel",,9116,68770-1,0005,33458.91,500,357,**** **** **** 8037,1000
358,Rafael,,,8271,97255-7,0003,10768.11,10000,358,**** **** **** 8748,2000
359,Yasmin,"lounge, travel, insurance",promo_jan,7669,43882-7,0002,1620.64,5000,359,**** **** **** 5219,5000
360,Olivia,lounge,new_feature,2730,58929-7,0001,14714.08,2000,360,**** **** **** 1022,10000
361,Wesley,,cashback_event,2160,54674-3,0003,20702.23,3000,361,**** **** **** 4705,2000
362,Sergio,"cashback, insurance",limit_increase,1275,65263-6,0005,5613.11,15000,362,**** **** **** 7029,1000
363,Hugo,"insurance, cashback, vip",,7608,70908-0,0002,38647.14,5000,363,**** **** **** 2578,1000
364,Igor,"cashback, lounge, crypto","new_feature, promo_jan",4699,57343-6,0004,10502.47,2000,364,**** **** **** 3100,10000
365,Irene,"crypto, vip",new_feature,4842,67968-6,0005,40704.45,15000,365,**** **** **** 8856,15000
366,Gabriela,discount,"limit_increase, maintenance",4295,27032-1,0002,2236.52,15000,366,**** **** **** 6924,1000
367,Erica,"lounge, insurance",,9539,74913-9,0001,32200.58,5000,367,**** **** **** 2277,2000
368,Joao,"discount, travel",,3020,99472-4,0004,4050.03,20000,368,**** **** **** 9053,3000
369,Hugo,"vip, travel, discount","maintenance, cashback_event",4498,66678-8,0003,8526.76,3000,369,**** **** **** 3445,2000
370,Graciela,"crypto, insurance, lounge",update_app,5775,46787-9,0004,27388.05,20000,370,**** **** **** 1339,2000
371,Hugo,,"limit_increase, cashback_event",7531,10703-3,0002,13097.08,10000,371,**** **** **** 4217,1000
372,Eduardo,cashback,,1679,73964-7,0005,36778.83,3000,372,**** **** **** 0269,15000
373,Daniela,"crypto, vip, lounge",,4745,78048-5,0002,38251.43,15000,373,**** **** **** 2067,2000
374,Ulisses,,"cashback_event, new_feature",3398,90366-9,0001,717.37,500,374,**** **** **** 3290,2000
375,Julio,"insurance, vip, cashback",new_feature,3734,59200-7,0003,11139.5,15000,375,**** **** **** 1607,2000
376,Graciela,,"limit_increase, new_feature",8505,14272-7,0005,12227.12,2000,376,**** **** **** 2528,5000
377,Sofia,cashback,promo_jan,5153,35387-3,0005,8937.01,1000,377,**** **** **** 4923,3000
378,Pip,"travel, rewards",,3765,37474-3,0005,25860.99,1000,378,**** **** **** 6342,3000
379,Ulisses,"discount, insurance, cashback",,5940,56401-8,0002,21499.56,15000,379,**** **** **** 9722,1000
380,Renata,"insurance, vip",promo_jan,8019,90811-2,0004,3232.45,3000,380,**** **** **** 0280,3000
381,Amanda,discount,promo_jan,4665,84373-0,0001,17152.96,10000,381,**** **** **** 5437,10000
382,Tatiana,vip,"maintenance, limit_increase",4609,33136-9,0002,16119.92,15000,382,**** **** **** 6950,10000
383,Odalys,"lounge, insurance, cashback",,1041,89047-9,0005,43476.19,5000,383,**** **** **** 7714,1000
384,Helena,,promo_jan,4607,97494-7,0003,9528.29,3000,384,**** **** **** 8781,3000
385,Melissa,"lounge, discount, insurance",new_feature,9766,97314-9,0005,36915.44,5000,385,**** **** **** 9787,3000
386,Pip,discount,limit_increase,9221,92654-0,0004,19583.4,2000,386,**** **** **** 5795,1000
387,Melissa,"insurance, lounge",,2512,16058-8,0004,49534.71,2000,387,**** **** **** 0443,10000
388,Tadeu,"travel, rewards","cashback_event, update_app",4867,39953-7,0001,47894.39,20000,388,**** **** **** 9534,15000
389,Victor,"insurance, cashback, discount",,9725,45493-3,0003,34878.22,10000,389,**** **** **** 7498,5000
390,Elena,rewards,,7507,85650-5,0005,28168.45,20000,390,**** **** **** 9379,2000
391,Pip,"crypto, lounge, rewards","limit_increase, update_app",1033,29610-0,0004,20743.59,500,391,**** **** **** 7128,2000
392,Ursula,,,5476,64147-7,0004,32375.96,20000,392,**** **** **** 2196,5000
393,Caio,"rewards, travel",update_app,4013,15251-6,0005,35335.29,10000,393,**** **** **** 6099,2000
394,Oscar,"insurance, lounge","update_app, cashback_event",6711,22654-5,0003,42997.95,1000,394,**** **** **** 8834,15000
395,Adriana,crypto,"promo_jan, new_feature",9804,96187-5,0003,31357.11,1000,395,**** **** **** 4328,3000
396,Lucas,,"promo_jan, update_app",4025,99271-9,0003,46716.24,500,396,**** **** **** 7201,10000
397,Ingrid,"vip, travel",,9008,20917-5,0001,8102.39,10000,397,**** **** **** 0844,2000
398,Patricia,"travel, crypto",limit_increase,7873,76875-2,0001,47890.62,15000,398,**** **** **** 3374,10000
399,Uma,insurance,"new_feature, update_app",2158,80274-8,0002,19715.95,20000,399,**** **** **** 8063,5000
400,Erica,"travel, insurance, vip","update_app, maintenance",9708,54670-0,0003,21153.52,1000,400,**** **** **** 5011,5000
401,Victor,,"cashback_event, new_feature",7624,96497-7,0001,23913.72,1000,401,**** **** **** 0109,10000
402,Sabrina,"vip, crypto, insurance",,1974,82637-4,0003,41252.96,10000,402,**** **** **** 3162,5000
403,Julio,"travel, insurance, lounge",,9737,20439-0,0002,31005.28,500,403,**** **** **** 6758,15000
404,Queila,lounge,,3217,15298-1,0005,25730.51,10000,404,**** **** **** 0105,15000
405,Tiago,"vip, rewards, travel",update_app,4856,58638-9,0002,41830.19,20000,405,**** **** **** 1743,1000
406,Rodrigo,rewards,"limit_increase, new_feature",6208,47067-1,0003,19450.7,2000,406,**** **** **** 5053,3000
407,Zeca,,maintenance,6720,15217-3,0004,43686.25,5000,407,**** **** **** 7193,2000
408,Ulisses,"rewards, crypto","promo_jan, limit_increase",5021,99573-3,0003,24385.26,15000,408,**** **** **** 1734,1000
409,Isabela,,,2120,71302-6,0004,11138.65,3000,409,**** **** **** 8478,3000
410,Ursula,"travel, cashback",update_app,2277,70411-4,0002,16806.13,500,410,**** **** **** 2057,5000
411,Pedro,"discount, rewards, vip",update_app,8794,79288-4,0005,49677.16,10000,411,**** **** **** 6332,3000
412,Uriel,lounge,"maintenance, cashback_event",2024,76257-6,0002,36362.91,15000,412,**** **** **** 8575,2000
413,Amanda,insurance,"cashback_event, maintenance",3238,14422-7,0003,43245.69,500,413,**** **** **** 6807,15000
414,Nina,"insurance, cashback, crypto",cashback_event,7813,39892-0,0005,33544.33,20000,414,**** **** **** 7255,15000
415,Henrique,vip,new_feature,6741,71286-6,0002,43683.34,10000,415,**** **** **** 9857,3000
416,Paula,"lounge, vip",,9967,85220-5,0003,31564.08,10000,416,**** **** **** 9972,2000
417,Nelson,"lounge, travel","limit_increase, promo_jan",5384,41725-6,0001,49240.72,20000,417,**** **** **** 2497,15000
418,Lucas,"discount, crypto","update_app, limit_increase",5576,73627-4,0002,24322.6,500,418,**** **** **** 8366,15000
419,Bernardo,,new_feature,8778,93134-2,0002,41261.79,5000,419,**** **** **** 1442,3000
420,Ulisses,,"limit_increase, update_app",7371,85465-3,0002,13349.37,2000,420,**** **** **** 4963,1000
421,Hector,"rewards, crypto, travel",new_feature,8627,17170-1,0001,10678.09,5000,421,**** **** **** 0298,10000
422,Karen,vip,maintenance,1372,15461-2,0002,10856.84,10000,422,**** **** **** 5449,10000
423,Elena,"travel, lounge, vip",cashback_event,1171,76280-5,0001,1109.75,15000,423,**** **** **** 2154,3000
424,Giovana,"crypto, rewards, lounge",,7722,85580-9,0005,16539.84,1000,424,**** **** **** 0815,5000
425,Katia,cashback,,5868,17665-6,0001,15026.71,1000,425,**** **** **** 8987,10000
426,Nelson,,,7141,67002-1,0004,21832.31,3000,426,**** **** **** 4795,3000
427,Julia,discount,maintenance,2240,87532-7,0002,31413.37,20000,427,**** **** **** 3161,5000
428,Nathan,travel,new_feature,4292,35264-6,0002,36502.98,20000,428,**** **** **** 9868,3000
429,Eduardo,,,7013,11707-3,0003,2407.02,15000,429,**** **** **** 0499,5000
430,Vanessa,,"maintenance, promo_jan",8314,39772-5,0001,35476.43,500,430,**** **** **** 3010,15000
431,Marcos,"rewards, insurance, vip",maintenance,8442,51862-4,0002,14679.28,3000,431,**** **** **** 4795,2000
432,Uriel,travel,"limit_increase, promo_jan",8669,63333-3,0001,18283.89,500,432,**** **** **** 1457,2000
433,Adriana,"travel, crypto, cashback",,3150,70282-5,0001,11792.84,1000,433,**** **** **** 9188,15000
434,Giovana,,cashback_event,6581,43685-1,0004,36844.75,5000,434,**** **** **** 6124,10000
435,Tatiana,lounge,"new_feature, cashback_event",2414,55381-0,0003,155.87,2000,435,**** **** **** 5568,2000
436,Vanessa,cashback,"update_app, limit_increase",8212,12812-2,0001,49839.14,2000,436,**** **** **** 8578,2000
437,Andre,"vip, rewards, travel","maintenance, new_feature",3339,37448-8,0005,20480.43,500,437,**** **** **** 1645,3000
438,Zeca,,,1187,82429-3,0003,2458.24,3000,438,**** **** **** 7267,10000
439,Uriel,,promo_jan,8765,37797-2,0005,7371.05,5000,439,**** **** **** 1998,3000
440,Francisco,insurance,,8449,46658-5,0005,5487.63,3000,440,**** **** **** 6777,3000
441,Camila,"cashback, discount",cashback_event,5446,64440-4,0004,34610.56,20000,441,**** **** **** 2573,5000
442,Monica,,,1253,99825-2,0003,10138.02,3000,442,**** **** **** 2323,2000
443,Nelson,"rewards, crypto, cashback",,2838,64806-9,0002,27648.13,15000,443,**** **** **** 1376,3000
444,Francisco,"lounge, cashback",,3360,84421-1,0002,25680.86,3000,444,**** **** **** 8092,15000
445,Wendy,"vip, cashback, insurance",,7758,28274-1,0003,18249.22,3000,445,**** **** **** 8922,2000
446,Monica,travel,,9088,84151-1,0001,49148.56,500,446,**** **** **** 3708,1000
447,Thiago,"lounge, cashback, vip","update_app, promo_jan",6018,53346-9,0003,22508.63,5000,447,**** **** **** 4879,2000
448,Caio,,new_feature,5357,96935-4,0001,21478.31,15000,448,**** **** **** 4031,5000
449,Wendy,"crypto, vip",maintenance,3620,60316-6,0003,7264.86,20000,449,**** **** **** 5525,15000
450,Leandro,lounge,limit_increase,2016,24931-3,0004,41266.94,15000,450,**** **** **** 0939,10000
451,Ulisses,crypto,"limit_increase, cashback_event",3815,11527-8,0005,39864.73,3000,451,**** **** **** 3806,5000
452,Yasmin,"vip, crypto",,8893,71238-7,0002,42445.19,10000,452,**** **** **** 0377,3000
453,Wagner,"insurance, vip, lounge",,1987,69332-1,0001,31491.46,3000,453,**** **** **** 1382,10000
454,Julia,"rewards, discount, crypto","promo_jan, maintenance",3989,45685-5,0005,1615.97,3000,454,**** **** **** 3322,15000
455,Queila,discount,"maintenance, new_feature",4778,39045-5,0003,25442.74,2000,455,**** **** **** 8521,2000
456,Victor,crypto,,9280,82061-0,0001,40343.23,1000,456,**** **** **** 0500,5000
457,Mariana,vip,maintenance,1184,77372-8,0001,23710.11,10000,457,**** **** **** 6402,1000
458,Pedro,,,8038,41513-9,0003,11754.57,20000,458,**** **** **** 2944,5000
459,Tadeu,discount,,5055,88920-7,0004,12740.17,10000,459,**** **** **** 4966,15000
460,Ingrid,"travel, discount, cashback",,3511,82499-2,0005,6543.99,500,460,**** **** **** 2454,5000
461,Fernanda,discount,maintenance,8918,45804-8,0002,17942.31,500,461,**** **** **** 6906,10000
462,Isabela,lounge,,7141,50098-7,0001,39942.84,5000,462,**** **** **** 0315,10000
463,Rodrigo,"lounge, rewards",,1163,38403-0,0001,5726.78,10000,463,**** **** **** 8808,1000
464,Rodrigo,"insurance, cashback","cashback_event, new_feature",5821,84737-6,0005,38572.82,10000,464,**** **** **** 2489,10000
465,Ingrid,"cashback, travel, discount",cashback_event,1839,48607-8,0004,46700.01,15000,465,**** **** **** 9311,2000
466,Gabriela,"insurance, discount, rewards","update_app, limit_increase",1788,65578-8,0003,16317.77,2000,466,**** **** **** 6407,3000
467,Irene,insurance,"promo_jan, new_feature",1556,77556-2,0003,33838.65,1000,467,**** **** **** 3700,1000
468,Zelia,"discount, crypto","limit_increase, new_feature",4414,27261-2,0001,27882.15,20000,468,**** **** **** 0117,1000
469,Bruno,,,7525,83089-0,0003,3370.92,3000,469,**** **** **** 0963,15000
470,Thiago,"travel, insurance",cashback_event,9478,44147-4,0004,36495.37,15000,470,**** **** **** 2001,3000
471,Jonas,"cashback, crypto",,9171,74462-3,0003,29518.74,10000,471,**** **** **** 1722,15000
472,Rodrigo,"insurance, lounge",,6388,51452-8,0002,38523.23,20000,472,**** **** **** 4577,15000
473,Amanda,,cashback_event,7639,69450-2,0004,36437.05,3000,473,**** **** **** 9628,5000
474,Kevin,,"promo_jan, cashback_event",5459,30946-9,0003,7401.57,5000,474,**** **** **** 1434,15000
475,Elisa,,,1617,43553-6,0003,8232.64,15000,475,**** **** **** 6481,15000
476,Davi,"travel, discount, crypto",,4209,10871-8,0001,14001.39,3000,476,**** **** **** 9937,15000
477,Igor,"insurance, crypto","promo_jan, cashback_event",5573,56237-8,0001,48015.25,15000,477,**** **** **** 7693,1000
478,Camila,,,6955,45422-7,0004,39181.71,15000,478,**** **** **** 6305,5000
479,Fernanda,"crypto, insurance, travel","new_feature, maintenance",3123,62820-0,0005,2031.05,500,479,**** **** **** 4100,1000
480,Jonas,"vip, discount","maintenance, cashback_event",6367,99340-0,0002,9941.38,1000,480,**** **** **** 9559,3000
481,Mariana,,"cashback_event, update_app",6467,43605-3,0004,2533.17,15000,481,**** **** **** 9393,15000
482,Irene,"crypto, discount, lounge","cashback_event, update_app",4502,86221-4,0002,32322.37,20000,482,**** **** **** 7407,3000
483,Wendy,"vip, discount, insurance",,9704,71862-3,0001,15330.47,1000,483,**** **** **** 3722,5000
484,Tiago,,,7415,95599-6,0003,39823.21,500,484,**** **** **** 3263,15000
485,Alice,,promo_jan,4797,35235-3,0004,36610.46,15000,485,**** **** **** 0505,5000
486,Queila,,,8800,88346-4,0003,35535.39,10000,486,**** **** **** 1360,15000
487,Sabrina,lounge,,5682,25971-7,0003,5241.69,5000,487,**** **** **** 9929,5000
488,Melissa,"crypto, cashback, insurance",,3467,35360-8,0004,38715.5,15000,488,**** **** **** 0287,5000
489,Camila,"insurance, discount",limit_increase,3118,50348-1,0003,37644.09,5000,489,**** **** **** 2683,5000
490,Gabriel,"lounge, travel","new_feature, promo_jan",1324,31313-9,0004,41454.9,10000,490,**** **** **** 9157,3000
491,Igor,vip,"promo_jan, new_feature",6194,31918-3,0005,8224.67,1000,491,**** **** **** 6079,1000
492,Leonardo,vip,"update_app, cashback_event",2488,79243-7,0004,19119.38,1000,492,**** **** **** 2800,10000
493,Zeca,rewards,limit_increase,4500,26851-4,0001,34651.01,1000,493,**** **** **** 2399,3000
494,Rodrigo,,,6818,63751-1,0001,14801.95,15000,494,**** **** **** 5121,15000
495,Renata,lounge,,6853,60514-6,0001,24915.54,10000,495,**** **** **** 1669,3000
496,Marcos,"lounge, cashback, travel","update_app, cashback_event",1347,92245-3,0003,47321.49,1000,496,**** **** **** 9466,1000
497,Nathan,"crypto, vip, lounge",new_feature,9607,72516-6,0005,11924.69,2000,497,**** **** **** 6126,3000
498,Vanessa,"discount, insurance, vip",update_app,2834,66176-7,0003,31618.14,3000,498,**** **** **** 1671,10000
499,Simone,"lounge, rewards","new_feature, maintenance",8952,66266-4,0004,13292.6,10000,499,**** **** **** 8311,3000
500,Elisa,"crypto, vip","promo_jan, new_feature",6729,66819-1,0001,31234.06,2000,500,**** **** **** 8259,15000
